Manufacturing Number,Order
100087,209651 - 
100089,209652 - 
100134,209737 - 
100145,209766 - 
100153,209981 - 
100154,209982 - 
100156,209986 - 
100158,209996 - 
100159,209997 - 
100160,209998 - 
100172,210381 - 
100173,210381 - 
100176,210381 - 
100177,210381 - 
100181,210398 - 
100182,210399 - 
100205,210425 - 
100207,210426 - 
100208,210426 - 
100220,210437 - 
100222,210438 - 
100226,210440 - 
100228,210441 - 
100232,210443 - 
100253,210462 - 
100254,210463 - 
100256,210464 - 
100257,210464 - 
100258,210464 - 
100271,210424 - 
100272,210424 - 
100273,210424 - 
100282,210606 - 
100283,210606 - 
100284,210606 - 
100285,210608 - 
100286,210608 - 
100287,210608 - 
100288,210610 - 
100312,210870 - 
100313,210870 - 
100316,210989 - 
100319,210993 - 
100321,210996 - 
100324,211160 - 
100333,211786 - 
100334,211795 - 
100335,211801 - 
100342,211875 - 
100343,211876 - 
100344,211876 - 
100352,212188 - 
100353,212190 - 
XX100334,211787 - 
